rosbagTimestamp,header,seq,stamp,secs,nsecs,frame_id,status,-,level,name,message,hardware_id,values,-,key,value,-,key,value,-,key,value,-,key,value,-,key,value,-,key,value,-,key,value,-,key,value,-,key,value,-,key,value,-,level,name,message,hardware_id,values,-,key,value,-,key,value,-,key,value,-,key,value,-,level,name,message,hardware_id,values,-,key,value,-,key,value,-,key,value,-,key,value,-,key,value,-,key,value,-,level,name,message,hardware_id,values,-,key,value,-,key,value,-,key,value,-,key,value,-,key,value,-,key,value,-,key,value,-,key,value,-,key,value,-,key,value,-,level,name,message,hardware_id,values,-,key,value,-,key,value,-,key,value,-,level,name,message,hardware_id,values,-,key,value,-,key,value,-,key,value,-,key,value,-,key,value,-,key,value
1520440529294742109,,15,,1520440529,294171574,'',,0,"""mavros","""connected""","""tcp",,"""Received packets","""7209""","""Dropped packets","""0""","""Buffer overruns","""0""","""Parse errors","""0""","""Rx sequence number","""51""","""Tx sequence number","""125""","""Rx total bytes","""302346""","""Tx total bytes","""37115""","""Rx speed","""43778.000000""","""Tx speed","""5680.000000""",2,"""mavros","""No satellites""","""tcp",,"""Satellites visible""","""0""","""Fix type""","""0""","""EPH (m)""","""99.99""","""EPV (m)""","""99.99""",0,"""mavros","""Normal""","""tcp",,"""Heartbeats since startup""","""13""","""Frequency (Hz)""","""0.997521""","""Vehicle type""","""Quadrotor""","""Autopilot type""","""PX4 Autopilot""","""Mode""","""MANUAL""","""System status""","""Standby""",0,"""mavros","""Normal""","""tcp",,"""Sensor present""","""0x00000000""","""Sensor enabled""","""0x00000000""","""Sensor helth""","""0x00000000""","""CPU Load (%)""","""71.0""","""Drop rate (%)""","""0.0""","""Errors comm""","""0""","""Errors count #1""","""0""","""Errors count #2""","""0""","""Errors count #3""","""0""","""Errors count #4""","""0""",0,"""mavros","""Normal""","""tcp",,"""Voltage""","""23.21""","""Current""","""0.0""","""Remaining""","""100.0""",2,"""mavros","""No events recorded.""","""tcp",,"""Timesyncs since startup""","""0""","""Frequency (Hz)""","""0.000000""","""Last dt (ms)""","""0.445727""","""Mean dt (ms)""","""0.000000""","""Last system time (s)""","""679.901053000""","""Time offset (s)""","""1520439849.296025276"""
1520440530295299446,,16,,1520440530,294828776,'',,0,"""mavros","""connected""","""tcp",,"""Received packets","""7774""","""Dropped packets","""0""","""Buffer overruns","""0""","""Parse errors","""0""","""Rx sequence number","""253""","""Tx sequence number","""233""","""Rx total bytes","""325894""","""Tx total bytes","""42153""","""Rx speed","""23548.000000""","""Tx speed","""5038.000000""",2,"""mavros","""No satellites""","""tcp",,"""Satellites visible""","""0""","""Fix type""","""0""","""EPH (m)""","""99.99""","""EPV (m)""","""99.99""",0,"""mavros","""Normal""","""tcp",,"""Heartbeats since startup""","""14""","""Frequency (Hz)""","""0.999994""","""Vehicle type""","""Quadrotor""","""Autopilot type""","""PX4 Autopilot""","""Mode""","""MANUAL""","""System status""","""Standby""",0,"""mavros","""Normal""","""tcp",,"""Sensor present""","""0x00000000""","""Sensor enabled""","""0x00000000""","""Sensor helth""","""0x00000000""","""CPU Load (%)""","""70.0""","""Drop rate (%)""","""0.0""","""Errors comm""","""0""","""Errors count #1""","""0""","""Errors count #2""","""0""","""Errors count #3""","""0""","""Errors count #4""","""0""",0,"""mavros","""Normal""","""tcp",,"""Voltage""","""23.20""","""Current""","""0.0""","""Remaining""","""100.0""",0,"""mavros","""Normal""","""tcp",,"""Timesyncs since startup""","""2""","""Frequency (Hz)""","""6.415217""","""Last dt (ms)""","""-1.028324""","""Mean dt (ms)""","""-2.258504""","""Last system time (s)""","""680.889168000""","""Time offset (s)""","""1520439849.288807392"""
1520440531794517168,,17,,1520440531,794173866,'',,0,"""mavros","""connected""","""tcp",,"""Received packets","""8540""","""Dropped packets","""0""","""Buffer overruns","""0""","""Parse errors","""0""","""Rx sequence number","""222""","""Tx sequence number","""118""","""Rx total bytes","""358305""","""Tx total bytes","""48575""","""Rx speed","""32411.000000""","""Tx speed","""6422.000000""",2,"""mavros","""No satellites""","""tcp",,"""Satellites visible""","""0""","""Fix type""","""0""","""EPH (m)""","""99.99""","""EPV (m)""","""99.99""",0,"""mavros","""Normal""","""tcp",,"""Heartbeats since startup""","""16""","""Frequency (Hz)""","""1.037103""","""Vehicle type""","""Quadrotor""","""Autopilot type""","""PX4 Autopilot""","""Mode""","""MANUAL""","""System status""","""Standby""",0,"""mavros","""Normal""","""tcp",,"""Sensor present""","""0x00000000""","""Sensor enabled""","""0x00000000""","""Sensor helth""","""0x00000000""","""CPU Load (%)""","""63.9""","""Drop rate (%)""","""0.0""","""Errors comm""","""0""","""Errors count #1""","""0""","""Errors count #2""","""0""","""Errors count #3""","""0""","""Errors count #4""","""0""",0,"""mavros","""Normal""","""tcp",,"""Voltage""","""23.20""","""Current""","""0.0""","""Remaining""","""100.0""",2,"""mavros","""No events recorded.""","""tcp",,"""Timesyncs since startup""","""0""","""Frequency (Hz)""","""0.000000""","""Last dt (ms)""","""3.727154""","""Mean dt (ms)""","""0.000000""","""Last system time (s)""","""682.491171000""","""Time offset (s)""","""1520439849.292037010"""
1520440532795025341,,18,,1520440532,794481671,'',,0,"""mavros","""connected""","""tcp",,"""Received packets","""9039""","""Dropped packets","""0""","""Buffer overruns","""0""","""Parse errors","""0""","""Rx sequence number","""99""","""Tx sequence number","""217""","""Rx total bytes","""379407""","""Tx total bytes","""53172""","""Rx speed","""21102.000000""","""Tx speed","""4597.000000""",2,"""mavros","""No satellites""","""tcp",,"""Satellites visible""","""0""","""Fix type""","""0""","""EPH (m)""","""99.99""","""EPV (m)""","""99.99""",0,"""mavros","""Normal""","""tcp",,"""Heartbeats since startup""","""17""","""Frequency (Hz)""","""0.999997""","""Vehicle type""","""Quadrotor""","""Autopilot type""","""PX4 Autopilot""","""Mode""","""MANUAL""","""System status""","""Standby""",0,"""mavros","""Normal""","""tcp",,"""Sensor present""","""0x00000000""","""Sensor enabled""","""0x00000000""","""Sensor helth""","""0x00000000""","""CPU Load (%)""","""64.6""","""Drop rate (%)""","""0.0""","""Errors comm""","""0""","""Errors count #1""","""0""","""Errors count #2""","""0""","""Errors count #3""","""0""","""Errors count #4""","""0""",0,"""mavros","""Normal""","""tcp",,"""Voltage""","""23.21""","""Current""","""0.0""","""Remaining""","""100.0""",2,"""mavros","""No events recorded.""","""tcp",,"""Timesyncs since startup""","""0""","""Frequency (Hz)""","""0.000000""","""Last dt (ms)""","""-5.533753""","""Mean dt (ms)""","""0.000000""","""Last system time (s)""","""683.409109000""","""Time offset (s)""","""1520439849.298402309"""
1520440534295497071,,19,,1520440534,294890334,'',,0,"""mavros","""connected""","""tcp",,"""Received packets","""9811""","""Dropped packets","""0""","""Buffer overruns","""0""","""Parse errors","""0""","""Rx sequence number","""72""","""Tx sequence number","""84""","""Rx total bytes","""412071""","""Tx total bytes","""58797""","""Rx speed","""32664.000000""","""Tx speed","""5625.000000""",2,"""mavros","""No satellites""","""tcp",,"""Satellites visible""","""0""","""Fix type""","""0""","""EPH (m)""","""99.99""","""EPV (m)""","""99.99""",0,"""mavros","""Normal""","""tcp",,"""Heartbeats since startup""","""18""","""Frequency (Hz)""","""0.999975""","""Vehicle type""","""Quadrotor""","""Autopilot type""","""PX4 Autopilot""","""Mode""","""MANUAL""","""System status""","""Standby""",0,"""mavros","""Normal""","""tcp",,"""Sensor present""","""0x00000000""","""Sensor enabled""","""0x00000000""","""Sensor helth""","""0x00000000""","""CPU Load (%)""","""63.1""","""Drop rate (%)""","""0.0""","""Errors comm""","""0""","""Errors count #1""","""0""","""Errors count #2""","""0""","""Errors count #3""","""0""","""Errors count #4""","""0""",0,"""mavros","""Normal""","""tcp",,"""Voltage""","""23.20""","""Current""","""0.0""","""Remaining""","""100.0""",0,"""mavros","""Normal""","""tcp",,"""Timesyncs since startup""","""10""","""Frequency (Hz)""","""9.070134""","""Last dt (ms)""","""-5.255807""","""Mean dt (ms)""","""-0.356736""","""Last system time (s)""","""684.889973000""","""Time offset (s)""","""1520439849.295812607"""
1520440535794370625,,20,,1520440535,794023294,'',,0,"""mavros","""connected""","""tcp",,"""Received packets","""10586""","""Dropped packets","""0""","""Buffer overruns","""0""","""Parse errors","""0""","""Rx sequence number","""53""","""Tx sequence number","""3""","""Rx total bytes","""444784""","""Tx total bytes","""66919""","""Rx speed","""32713.000000""","""Tx speed","""8122.000000""",2,"""mavros","""No satellites""","""tcp",,"""Satellites visible""","""0""","""Fix type""","""0""","""EPH (m)""","""99.99""","""EPV (m)""","""99.99""",0,"""mavros","""Normal""","""tcp",,"""Heartbeats since startup""","""20""","""Frequency (Hz)""","""1.037106""","""Vehicle type""","""Quadrotor""","""Autopilot type""","""PX4 Autopilot""","""Mode""","""MANUAL""","""System status""","""Standby""",0,"""mavros","""Normal""","""tcp",,"""Sensor present""","""0x00000000""","""Sensor enabled""","""0x00000000""","""Sensor helth""","""0x00000000""","""CPU Load (%)""","""64.0""","""Drop rate (%)""","""0.0""","""Errors comm""","""0""","""Errors count #1""","""0""","""Errors count #2""","""0""","""Errors count #3""","""0""","""Errors count #4""","""0""",0,"""mavros","""Normal""","""tcp",,"""Voltage""","""23.20""","""Current""","""0.0""","""Remaining""","""100.0""",0,"""mavros","""Normal""","""tcp",,"""Timesyncs since startup""","""3""","""Frequency (Hz)""","""10.304846""","""Last dt (ms)""","""-8.530957""","""Mean dt (ms)""","""-6.269595""","""Last system time (s)""","""686.488303000""","""Time offset (s)""","""1520439849.291862965"""
1520440537294471325,,21,,1520440537,294048963,'',,0,"""mavros","""connected""","""tcp",,"""Received packets","""11334""","""Dropped packets","""0""","""Buffer overruns","""0""","""Parse errors","""0""","""Rx sequence number","""2""","""Tx sequence number","""189""","""Rx total bytes","""476467""","""Tx total bytes","""75587""","""Rx speed","""31683.000000""","""Tx speed","""8668.000000""",2,"""mavros","""No satellites""","""tcp",,"""Satellites visible""","""0""","""Fix type""","""0""","""EPH (m)""","""99.99""","""EPV (m)""","""99.99""",0,"""mavros","""Normal""","""tcp",,"""Heartbeats since startup""","""21""","""Frequency (Hz)""","""0.963025""","""Vehicle type""","""Quadrotor""","""Autopilot type""","""PX4 Autopilot""","""Mode""","""MANUAL""","""System status""","""Standby""",0,"""mavros","""Normal""","""tcp",,"""Sensor present""","""0x00000000""","""Sensor enabled""","""0x00000000""","""Sensor helth""","""0x00000000""","""CPU Load (%)""","""65.8""","""Drop rate (%)""","""0.0""","""Errors comm""","""0""","""Errors count #1""","""0""","""Errors count #2""","""0""","""Errors count #3""","""0""","""Errors count #4""","""0""",0,"""mavros","""Normal""","""tcp",,"""Voltage""","""23.20""","""Current""","""0.0""","""Remaining""","""100.0""",0,"""mavros","""Normal""","""tcp",,"""Timesyncs since startup""","""17""","""Frequency (Hz)""","""9.491061""","""Last dt (ms)""","""0.116215""","""Mean dt (ms)""","""-1.517500""","""Last system time (s)""","""687.891967000""","""Time offset (s)""","""1520439849.296055794"""
1520440538295101936,,22,,1520440538,294826011,'',,0,"""mavros","""connected""","""tcp",,"""Received packets","""11863""","""Dropped packets","""0""","""Buffer overruns","""0""","""Parse errors","""0""","""Rx sequence number","""177""","""Tx sequence number","""68""","""Rx total bytes","""498913""","""Tx total bytes","""81836""","""Rx speed","""22446.000000""","""Tx speed","""6249.000000""",2,"""mavros","""No satellites""","""tcp",,"""Satellites visible""","""0""","""Fix type""","""0""","""EPH (m)""","""99.99""","""EPV (m)""","""99.99""",0,"""mavros","""Normal""","""tcp",,"""Heartbeats since startup""","""22""","""Frequency (Hz)""","""0.999986""","""Vehicle type""","""Quadrotor""","""Autopilot type""","""PX4 Autopilot""","""Mode""","""MANUAL""","""System status""","""Standby""",0,"""mavros","""Normal""","""tcp",,"""Sensor present""","""0x00000000""","""Sensor enabled""","""0x00000000""","""Sensor helth""","""0x00000000""","""CPU Load (%)""","""65.5""","""Drop rate (%)""","""0.0""","""Errors comm""","""0""","""Errors count #1""","""0""","""Errors count #2""","""0""","""Errors count #3""","""0""","""Errors count #4""","""0""",0,"""mavros","""Normal""","""tcp",,"""Voltage""","""23.20""","""Current""","""0.0""","""Remaining""","""100.0""",0,"""mavros","""Normal""","""tcp",,"""Timesyncs since startup""","""28""","""Frequency (Hz)""","""10.028880""","""Last dt (ms)""","""-1.193518""","""Mean dt (ms)""","""-0.558377""","""Last system time (s)""","""688.992651000""","""Time offset (s)""","""1520439849.289957523"""
1520440539794951026,,23,,1520440539,794736951,'',,0,"""mavros","""connected""","""tcp",,"""Received packets","""12641""","""Dropped packets","""0""","""Buffer overruns","""0""","""Parse errors","""0""","""Rx sequence number","""170""","""Tx sequence number","""254""","""Rx total bytes","""532247""","""Tx total bytes","""90541""","""Rx speed","""33334.000000""","""Tx speed","""8705.000000""",2,"""mavros","""No satellites""","""tcp",,"""Satellites visible""","""0""","""Fix type""","""0""","""EPH (m)""","""99.99""","""EPV (m)""","""99.99""",0,"""mavros","""Normal""","""tcp",,"""Heartbeats since startup""","""24""","""Frequency (Hz)""","""1.037050""","""Vehicle type""","""Quadrotor""","""Autopilot type""","""PX4 Autopilot""","""Mode""","""OFFBOARD""","""System status""","""Standby""",0,"""mavros","""Normal""","""tcp",,"""Sensor present""","""0x00000000""","""Sensor enabled""","""0x00000000""","""Sensor helth""","""0x00000000""","""CPU Load (%)""","""68.0""","""Drop rate (%)""","""0.0""","""Errors comm""","""0""","""Errors count #1""","""0""","""Errors count #2""","""0""","""Errors count #3""","""0""","""Errors count #4""","""0""",0,"""mavros","""Normal""","""tcp",,"""Voltage""","""23.20""","""Current""","""0.0""","""Remaining""","""100.0""",0,"""mavros","""Normal""","""tcp",,"""Timesyncs since startup""","""43""","""Frequency (Hz)""","""10.018993""","""Last dt (ms)""","""2.639784""","""Mean dt (ms)""","""-0.342279""","""Last system time (s)""","""690.489968000""","""Time offset (s)""","""1520439849.289408207"""
1520440541294897479,,24,,1520440541,294300423,'',,0,"""mavros","""connected""","""tcp",,"""Received packets","""13425""","""Dropped packets","""0""","""Buffer overruns","""0""","""Parse errors","""0""","""Rx sequence number","""172""","""Tx sequence number","""171""","""Rx total bytes","""565733""","""Tx total bytes","""98534""","""Rx speed","""33486.000000""","""Tx speed","""7993.000000""",2,"""mavros","""No satellites""","""tcp",,"""Satellites visible""","""0""","""Fix type""","""0""","""EPH (m)""","""99.99""","""EPV (m)""","""99.99""",0,"""mavros","""Normal""","""tcp",,"""Heartbeats since startup""","""25""","""Frequency (Hz)""","""0.962981""","""Vehicle type""","""Quadrotor""","""Autopilot type""","""PX4 Autopilot""","""Mode""","""OFFBOARD""","""System status""","""Standby""",0,"""mavros","""Normal""","""tcp",,"""Sensor present""","""0x00000000""","""Sensor enabled""","""0x00000000""","""Sensor helth""","""0x00000000""","""CPU Load (%)""","""65.8""","""Drop rate (%)""","""0.0""","""Errors comm""","""0""","""Errors count #1""","""0""","""Errors count #2""","""0""","""Errors count #3""","""0""","""Errors count #4""","""0""",0,"""mavros","""Normal""","""tcp",,"""Voltage""","""23.19""","""Current""","""0.0""","""Remaining""","""100.0""",0,"""mavros","""Normal""","""tcp",,"""Timesyncs since startup""","""9""","""Frequency (Hz)""","""9.933791""","""Last dt (ms)""","""1.139756""","""Mean dt (ms)""","""-0.179646""","""Last system time (s)""","""691.989253000""","""Time offset (s)""","""1520439849.289330721"""
1520440542295074700,,25,,1520440542,294737933,'',,0,"""mavros","""connected""","""tcp",,"""Received packets","""13915""","""Dropped packets","""0""","""Buffer overruns","""0""","""Parse errors","""0""","""Rx sequence number","""47""","""Tx sequence number","""4""","""Rx total bytes","""586746""","""Tx total bytes","""102651""","""Rx speed","""21013.000000""","""Tx speed","""4117.000000""",2,"""mavros","""No satellites""","""tcp",,"""Satellites visible""","""0""","""Fix type""","""0""","""EPH (m)""","""99.99""","""EPV (m)""","""99.99""",0,"""mavros","""Normal""","""tcp",,"""Heartbeats since startup""","""26""","""Frequency (Hz)""","""0.999958""","""Vehicle type""","""Quadrotor""","""Autopilot type""","""PX4 Autopilot""","""Mode""","""OFFBOARD""","""System status""","""Standby""",0,"""mavros","""Normal""","""tcp",,"""Sensor present""","""0x00000000""","""Sensor enabled""","""0x00000000""","""Sensor helth""","""0x00000000""","""CPU Load (%)""","""66.8""","""Drop rate (%)""","""0.0""","""Errors comm""","""0""","""Errors count #1""","""0""","""Errors count #2""","""0""","""Errors count #3""","""0""","""Errors count #4""","""0""",0,"""mavros","""Normal""","""tcp",,"""Voltage""","""23.20""","""Current""","""0.0""","""Remaining""","""100.0""",0,"""mavros","""Normal""","""tcp",,"""Timesyncs since startup""","""18""","""Frequency (Hz)""","""9.441537""","""Last dt (ms)""","""-0.686359""","""Mean dt (ms)""","""-0.992874""","""Last system time (s)""","""692.888179000""","""Time offset (s)""","""1520439849.299083233"""
1520440543795518851,,26,,1520440543,794928710,'',,0,"""mavros","""connected""","""tcp",,"""Received packets","""14708""","""Dropped packets","""0""","""Buffer overruns","""0""","""Parse errors","""0""","""Rx sequence number","""55""","""Tx sequence number","""109""","""Rx total bytes","""620676""","""Tx total bytes","""107465""","""Rx speed","""33930.000000""","""Tx speed","""4814.000000""",2,"""mavros","""No satellites""","""tcp",,"""Satellites visible""","""0""","""Fix type""","""0""","""EPH (m)""","""99.99""","""EPV (m)""","""99.99""",0,"""mavros","""Normal""","""tcp",,"""Heartbeats since startup""","""28""","""Frequency (Hz)""","""1.037031""","""Vehicle type""","""Quadrotor""","""Autopilot type""","""PX4 Autopilot""","""Mode""","""OFFBOARD""","""System status""","""Active""",0,"""mavros","""Normal""","""tcp",,"""Sensor present""","""0x00000000""","""Sensor enabled""","""0x00000000""","""Sensor helth""","""0x00000000""","""CPU Load (%)""","""64.9""","""Drop rate (%)""","""0.0""","""Errors comm""","""0""","""Errors count #1""","""0""","""Errors count #2""","""0""","""Errors count #3""","""0""","""Errors count #4""","""0""",0,"""mavros","""Normal""","""tcp",,"""Voltage""","""23.17""","""Current""","""0.0""","""Remaining""","""100.0""",0,"""mavros","""Normal""","""tcp",,"""Timesyncs since startup""","""4""","""Frequency (Hz)""","""8.182038""","""Last dt (ms)""","""9.366316""","""Mean dt (ms)""","""1.609367""","""Last system time (s)""","""694.394088000""","""Time offset (s)""","""1520439849.293262243"""
1520440545294995595,,27,,1520440545,294663467,'',,0,"""mavros","""connected""","""tcp",,"""Received packets","""15489""","""Dropped packets","""0""","""Buffer overruns","""0""","""Parse errors","""0""","""Rx sequence number","""50""","""Tx sequence number","""242""","""Rx total bytes","""654121""","""Tx total bytes","""113602""","""Rx speed","""33445.000000""","""Tx speed","""6137.000000""",2,"""mavros","""No satellites""","""tcp",,"""Satellites visible""","""0""","""Fix type""","""0""","""EPH (m)""","""99.99""","""EPV (m)""","""99.99""",0,"""mavros","""Normal""","""tcp",,"""Heartbeats since startup""","""29""","""Frequency (Hz)""","""0.962927""","""Vehicle type""","""Quadrotor""","""Autopilot type""","""PX4 Autopilot""","""Mode""","""OFFBOARD""","""System status""","""Active""",0,"""mavros","""Normal""","""tcp",,"""Sensor present""","""0x00000000""","""Sensor enabled""","""0x00000000""","""Sensor helth""","""0x00000000""","""CPU Load (%)""","""65.7""","""Drop rate (%)""","""0.0""","""Errors comm""","""0""","""Errors count #1""","""0""","""Errors count #2""","""0""","""Errors count #3""","""0""","""Errors count #4""","""0""",0,"""mavros","""Normal""","""tcp",,"""Voltage""","""22.95""","""Current""","""0.0""","""Remaining""","""100.0""",0,"""mavros","""Normal""","""tcp",,"""Timesyncs since startup""","""2""","""Frequency (Hz)""","""6.840698""","""Last dt (ms)""","""-2.618229""","""Mean dt (ms)""","""1.869477""","""Last system time (s)""","""695.892076000""","""Time offset (s)""","""1520439849.294784546"""
1520440546794570381,,28,,1520440546,794312854,'',,0,"""mavros","""connected""","""tcp",,"""Received packets","""16257""","""Dropped packets","""0""","""Buffer overruns","""0""","""Parse errors","""0""","""Rx sequence number","""36""","""Tx sequence number","""138""","""Rx total bytes","""687163""","""Tx total bytes","""120703""","""Rx speed","""33042.000000""","""Tx speed","""7101.000000""",2,"""mavros","""No satellites""","""tcp",,"""Satellites visible""","""0""","""Fix type""","""0""","""EPH (m)""","""99.99""","""EPV (m)""","""99.99""",0,"""mavros","""Normal""","""tcp",,"""Heartbeats since startup""","""31""","""Frequency (Hz)""","""1.000009""","""Vehicle type""","""Quadrotor""","""Autopilot type""","""PX4 Autopilot""","""Mode""","""OFFBOARD""","""System status""","""Active""",0,"""mavros","""Normal""","""tcp",,"""Sensor present""","""0x00000000""","""Sensor enabled""","""0x00000000""","""Sensor helth""","""0x00000000""","""CPU Load (%)""","""65.4""","""Drop rate (%)""","""0.0""","""Errors comm""","""0""","""Errors count #1""","""0""","""Errors count #2""","""0""","""Errors count #3""","""0""","""Errors count #4""","""0""",0,"""mavros","""Normal""","""tcp",,"""Voltage""","""22.80""","""Current""","""0.0""","""Remaining""","""100.0""",0,"""mavros","""Normal""","""tcp",,"""Timesyncs since startup""","""6""","""Frequency (Hz)""","""10.210785""","""Last dt (ms)""","""-0.369125""","""Mean dt (ms)""","""3.405298""","""Last system time (s)""","""697.489953000""","""Time offset (s)""","""1520439849.288845062"""
1520440548294929521,,29,,1520440548,294657372,'',,0,"""mavros","""connected""","""tcp",,"""Received packets","""17027""","""Dropped packets","""0""","""Buffer overruns","""0""","""Parse errors","""0""","""Rx sequence number","""40""","""Tx sequence number","""51""","""Rx total bytes","""720234""","""Tx total bytes","""128568""","""Rx speed","""33071.000000""","""Tx speed","""7865.000000""",2,"""mavros","""No satellites""","""tcp",,"""Satellites visible""","""0""","""Fix type""","""0""","""EPH (m)""","""99.99""","""EPV (m)""","""99.99""",0,"""mavros","""Normal""","""tcp",,"""Heartbeats since startup""","""32""","""Frequency (Hz)""","""1.000014""","""Vehicle type""","""Quadrotor""","""Autopilot type""","""PX4 Autopilot""","""Mode""","""OFFBOARD""","""System status""","""Active""",0,"""mavros","""Normal""","""tcp",,"""Sensor present""","""0x00000000""","""Sensor enabled""","""0x00000000""","""Sensor helth""","""0x00000000""","""CPU Load (%)""","""67.7""","""Drop rate (%)""","""0.0""","""Errors comm""","""0""","""Errors count #1""","""0""","""Errors count #2""","""0""","""Errors count #3""","""0""","""Errors count #4""","""0""",0,"""mavros","""Normal""","""tcp",,"""Voltage""","""22.71""","""Current""","""0.0""","""Remaining""","""100.0""",0,"""mavros","""Normal""","""tcp",,"""Timesyncs since startup""","""20""","""Frequency (Hz)""","""9.578772""","""Last dt (ms)""","""-6.419723""","""Mean dt (ms)""","""0.234912""","""Last system time (s)""","""698.891881000""","""Time offset (s)""","""1520439849.298285007"""
1520440549795100452,,30,,1520440549,794650391,'',,0,"""mavros","""connected""","""tcp",,"""Received packets","""17786""","""Dropped packets","""0""","""Buffer overruns","""0""","""Parse errors","""0""","""Rx sequence number","""12""","""Tx sequence number","""214""","""Rx total bytes","""752849""","""Tx total bytes","""136201""","""Rx speed","""32615.000000""","""Tx speed","""7633.000000""",2,"""mavros","""No satellites""","""tcp",,"""Satellites visible""","""0""","""Fix type""","""0""","""EPH (m)""","""99.99""","""EPV (m)""","""99.99""",0,"""mavros","""Normal""","""tcp",,"""Heartbeats since startup""","""34""","""Frequency (Hz)""","""0.999955""","""Vehicle type""","""Quadrotor""","""Autopilot type""","""PX4 Autopilot""","""Mode""","""OFFBOARD""","""System status""","""Active""",0,"""mavros","""Normal""","""tcp",,"""Sensor present""","""0x00000000""","""Sensor enabled""","""0x00000000""","""Sensor helth""","""0x00000000""","""CPU Load (%)""","""66.3""","""Drop rate (%)""","""0.0""","""Errors comm""","""0""","""Errors count #1""","""0""","""Errors count #2""","""0""","""Errors count #3""","""0""","""Errors count #4""","""0""",0,"""mavros","""Normal""","""tcp",,"""Voltage""","""22.66""","""Current""","""0.0""","""Remaining""","""100.0""",0,"""mavros","""Normal""","""tcp",,"""Timesyncs since startup""","""34""","""Frequency (Hz)""","""9.476167""","""Last dt (ms)""","""8.147868""","""Mean dt (ms)""","""0.703866""","""Last system time (s)""","""700.400113000""","""Time offset (s)""","""1520439849.286745310"""
1520440551294879619,,31,,1520440551,294518047,'',,0,"""mavros","""connected""","""tcp",,"""Received packets","""18546""","""Dropped packets","""0""","""Buffer overruns","""0""","""Parse errors","""0""","""Rx sequence number","""248""","""Tx sequence number","""118""","""Rx total bytes","""785469""","""Tx total bytes","""143634""","""Rx speed","""32620.000000""","""Tx speed","""7433.000000""",2,"""mavros","""No satellites""","""tcp",,"""Satellites visible""","""0""","""Fix type""","""0""","""EPH (m)""","""99.99""","""EPV (m)""","""99.99""",0,"""mavros","""Normal""","""tcp",,"""Heartbeats since startup""","""35""","""Frequency (Hz)""","""0.999967""","""Vehicle type""","""Quadrotor""","""Autopilot type""","""PX4 Autopilot""","""Mode""","""OFFBOARD""","""System status""","""Active""",0,"""mavros","""Normal""","""tcp",,"""Sensor present""","""0x00000000""","""Sensor enabled""","""0x00000000""","""Sensor helth""","""0x00000000""","""CPU Load (%)""","""66.7""","""Drop rate (%)""","""0.0""","""Errors comm""","""0""","""Errors count #1""","""0""","""Errors count #2""","""0""","""Errors count #3""","""0""","""Errors count #4""","""0""",0,"""mavros","""Normal""","""tcp",,"""Voltage""","""22.61""","""Current""","""0.0""","""Remaining""","""100.0""",0,"""mavros","""Normal""","""tcp",,"""Timesyncs since startup""","""2""","""Frequency (Hz)""","""6.926613""","""Last dt (ms)""","""-3.990864""","""Mean dt (ms)""","""2.353920""","""Last system time (s)""","""701.889235000""","""Time offset (s)""","""1520439849.296597004"""
1520440552795508497,,32,,1520440552,794928484,'',,0,"""mavros","""connected""","""tcp",,"""Received packets","""19313""","""Dropped packets","""0""","""Buffer overruns","""0""","""Parse errors","""0""","""Rx sequence number","""239""","""Tx sequence number","""249""","""Rx total bytes","""818329""","""Tx total bytes","""149754""","""Rx speed","""32860.000000""","""Tx speed","""6120.000000""",2,"""mavros","""No satellites""","""tcp",,"""Satellites visible""","""0""","""Fix type""","""0""","""EPH (m)""","""99.99""","""EPV (m)""","""99.99""",0,"""mavros","""Normal""","""tcp",,"""Heartbeats since startup""","""37""","""Frequency (Hz)""","""1.034478""","""Vehicle type""","""Quadrotor""","""Autopilot type""","""PX4 Autopilot""","""Mode""","""OFFBOARD""","""System status""","""Active""",0,"""mavros","""Normal""","""tcp",,"""Sensor present""","""0x00000000""","""Sensor enabled""","""0x00000000""","""Sensor helth""","""0x00000000""","""CPU Load (%)""","""65.8""","""Drop rate (%)""","""0.0""","""Errors comm""","""0""","""Errors count #1""","""0""","""Errors count #2""","""0""","""Errors count #3""","""0""","""Errors count #4""","""0""",0,"""mavros","""Normal""","""tcp",,"""Voltage""","""22.59""","""Current""","""0.0""","""Remaining""","""100.0""",0,"""mavros","""Normal""","""tcp",,"""Timesyncs since startup""","""17""","""Frequency (Hz)""","""9.501797""","""Last dt (ms)""","""-4.158166""","""Mean dt (ms)""","""0.298967""","""Last system time (s)""","""703.391464000""","""Time offset (s)""","""1520439849.296372175"""
1520440554295429500,,33,,1520440554,294953227,'',,0,"""mavros","""connected""","""tcp",,"""Received packets","""20046""","""Dropped packets","""0""","""Buffer overruns","""0""","""Parse errors","""0""","""Rx sequence number","""227""","""Tx sequence number","""179""","""Rx total bytes","""850362""","""Tx total bytes","""158458""","""Rx speed","""32033.000000""","""Tx speed","""8704.000000""",2,"""mavros","""No satellites""","""tcp",,"""Satellites visible""","""0""","""Fix type""","""0""","""EPH (m)""","""99.99""","""EPV (m)""","""99.99""",0,"""mavros","""Normal""","""tcp",,"""Heartbeats since startup""","""38""","""Frequency (Hz)""","""0.965506""","""Vehicle type""","""Quadrotor""","""Autopilot type""","""PX4 Autopilot""","""Mode""","""OFFBOARD""","""System status""","""Active""",0,"""mavros","""Normal""","""tcp",,"""Sensor present""","""0x00000000""","""Sensor enabled""","""0x00000000""","""Sensor helth""","""0x00000000""","""CPU Load (%)""","""66.3""","""Drop rate (%)""","""0.0""","""Errors comm""","""0""","""Errors count #1""","""0""","""Errors count #2""","""0""","""Errors count #3""","""0""","""Errors count #4""","""0""",0,"""mavros","""Normal""","""tcp",,"""Voltage""","""22.57""","""Current""","""0.0""","""Remaining""","""100.0""",0,"""mavros","""Normal""","""tcp",,"""Timesyncs since startup""","""8""","""Frequency (Hz)""","""10.065755""","""Last dt (ms)""","""3.417091""","""Mean dt (ms)""","""-1.401713""","""Last system time (s)""","""704.992363000""","""Time offset (s)""","""1520439849.288172483"""
1520440555795123495,,34,,1520440555,794735674,'',,0,"""mavros","""connected""","""tcp",,"""Received packets","""20800""","""Dropped packets","""0""","""Buffer overruns","""0""","""Parse errors","""0""","""Rx sequence number","""210""","""Tx sequence number","""99""","""Rx total bytes","""882965""","""Tx total bytes","""166738""","""Rx speed","""32603.000000""","""Tx speed","""8280.000000""",2,"""mavros","""No satellites""","""tcp",,"""Satellites visible""","""0""","""Fix type""","""0""","""EPH (m)""","""99.99""","""EPV (m)""","""99.99""",0,"""mavros","""Normal""","""tcp",,"""Heartbeats since startup""","""40""","""Frequency (Hz)""","""1.034447""","""Vehicle type""","""Quadrotor""","""Autopilot type""","""PX4 Autopilot""","""Mode""","""OFFBOARD""","""System status""","""Active""",0,"""mavros","""Normal""","""tcp",,"""Sensor present""","""0x00000000""","""Sensor enabled""","""0x00000000""","""Sensor helth""","""0x00000000""","""CPU Load (%)""","""67.2""","""Drop rate (%)""","""0.0""","""Errors comm""","""0""","""Errors count #1""","""0""","""Errors count #2""","""0""","""Errors count #3""","""0""","""Errors count #4""","""0""",0,"""mavros","""Normal""","""tcp",,"""Voltage""","""22.53""","""Current""","""0.0""","""Remaining""","""100.0""",0,"""mavros","""Normal""","""tcp",,"""Timesyncs since startup""","""11""","""Frequency (Hz)""","""9.885340""","""Last dt (ms)""","""6.778930""","""Mean dt (ms)""","""-0.521665""","""Last system time (s)""","""706.491850000""","""Time offset (s)""","""1520439849.289613724"""
1520440557295273781,,35,,1520440557,294697017,'',,0,"""mavros","""connected""","""tcp",,"""Received packets","""21575""","""Dropped packets","""0""","""Buffer overruns","""0""","""Parse errors","""0""","""Rx sequence number","""201""","""Tx sequence number","""236""","""Rx total bytes","""916087""","""Tx total bytes","""173063""","""Rx speed","""33122.000000""","""Tx speed","""6325.000000""",2,"""mavros","""No satellites""","""tcp",,"""Satellites visible""","""0""","""Fix type""","""0""","""EPH (m)""","""99.99""","""EPV (m)""","""99.99""",0,"""mavros","""Normal""","""tcp",,"""Heartbeats since startup""","""41""","""Frequency (Hz)""","""1.000002""","""Vehicle type""","""Quadrotor""","""Autopilot type""","""PX4 Autopilot""","""Mode""","""OFFBOARD""","""System status""","""Active""",0,"""mavros","""Normal""","""tcp",,"""Sensor present""","""0x00000000""","""Sensor enabled""","""0x00000000""","""Sensor helth""","""0x00000000""","""CPU Load (%)""","""66.4""","""Drop rate (%)""","""0.0""","""Errors comm""","""0""","""Errors count #1""","""0""","""Errors count #2""","""0""","""Errors count #3""","""0""","""Errors count #4""","""0""",0,"""mavros","""Normal""","""tcp",,"""Voltage""","""22.51""","""Current""","""0.0""","""Remaining""","""100.0""",0,"""mavros","""Normal""","""tcp",,"""Timesyncs since startup""","""5""","""Frequency (Hz)""","""8.408947""","""Last dt (ms)""","""-0.160261""","""Mean dt (ms)""","""-1.214488""","""Last system time (s)""","""707.890875000""","""Time offset (s)""","""1520439849.298700809"""
1520440558794510800,,36,,1520440558,794162652,'',,0,"""mavros","""connected""","""tcp",,"""Received packets","""22357""","""Dropped packets","""0""","""Buffer overruns","""0""","""Parse errors","""0""","""Rx sequence number","""196""","""Tx sequence number","""156""","""Rx total bytes","""949589""","""Tx total bytes","""181320""","""Rx speed","""33502.000000""","""Tx speed","""8257.000000""",2,"""mavros","""No satellites""","""tcp",,"""Satellites visible""","""0""","""Fix type""","""0""","""EPH (m)""","""99.99""","""EPV (m)""","""99.99""",0,"""mavros","""Normal""","""tcp",,"""Heartbeats since startup""","""43""","""Frequency (Hz)""","""1.000050""","""Vehicle type""","""Quadrotor""","""Autopilot type""","""PX4 Autopilot""","""Mode""","""OFFBOARD""","""System status""","""Active""",0,"""mavros","""Normal""","""tcp",,"""Sensor present""","""0x00000000""","""Sensor enabled""","""0x00000000""","""Sensor helth""","""0x00000000""","""CPU Load (%)""","""64.8""","""Drop rate (%)""","""0.0""","""Errors comm""","""0""","""Errors count #1""","""0""","""Errors count #2""","""0""","""Errors count #3""","""0""","""Errors count #4""","""0""",0,"""mavros","""Normal""","""tcp",,"""Voltage""","""22.49""","""Current""","""0.0""","""Remaining""","""100.0""",0,"""mavros","""Normal""","""tcp",,"""Timesyncs since startup""","""3""","""Frequency (Hz)""","""9.604250""","""Last dt (ms)""","""1.039334""","""Mean dt (ms)""","""0.249343""","""Last system time (s)""","""709.492079000""","""Time offset (s)""","""1520439849.287084341"""
1520440560294992076,,37,,1520440560,294466096,'',,0,"""mavros","""connected""","""tcp",,"""Received packets","""23133""","""Dropped packets","""0""","""Buffer overruns","""0""","""Parse errors","""0""","""Rx sequence number","""186""","""Tx sequence number","""58""","""Rx total bytes","""982812""","""Tx total bytes","""188657""","""Rx speed","""33223.000000""","""Tx speed","""7337.000000""",2,"""mavros","""No satellites""","""tcp",,"""Satellites visible""","""0""","""Fix type""","""0""","""EPH (m)""","""99.99""","""EPV (m)""","""99.99""",0,"""mavros","""Normal""","""tcp",,"""Heartbeats since startup""","""44""","""Frequency (Hz)""","""1.000016""","""Vehicle type""","""Quadrotor""","""Autopilot type""","""PX4 Autopilot""","""Mode""","""OFFBOARD""","""System status""","""Active""",0,"""mavros","""Normal""","""tcp",,"""Sensor present""","""0x00000000""","""Sensor enabled""","""0x00000000""","""Sensor helth""","""0x00000000""","""CPU Load (%)""","""67.1""","""Drop rate (%)""","""0.0""","""Errors comm""","""0""","""Errors count #1""","""0""","""Errors count #2""","""0""","""Errors count #3""","""0""","""Errors count #4""","""0""",0,"""mavros","""Normal""","""tcp",,"""Voltage""","""22.45""","""Current""","""0.0""","""Remaining""","""100.0""",0,"""mavros","""Normal""","""tcp",,"""Timesyncs since startup""","""12""","""Frequency (Hz)""","""9.274116""","""Last dt (ms)""","""2.841262""","""Mean dt (ms)""","""1.296088""","""Last system time (s)""","""710.895953000""","""Time offset (s)""","""1520439849.288933992"""
1520440561294987928,,38,,1520440561,294753026,'',,0,"""mavros","""connected""","""tcp",,"""Received packets","""23650""","""Dropped packets","""0""","""Buffer overruns","""0""","""Parse errors","""0""","""Rx sequence number","""102""","""Tx sequence number","""157""","""Rx total bytes","""1004938""","""Tx total bytes","""193263""","""Rx speed","""22126.000000""","""Tx speed","""4606.000000""",2,"""mavros","""No satellites""","""tcp",,"""Satellites visible""","""0""","""Fix type""","""0""","""EPH (m)""","""99.99""","""EPV (m)""","""99.99""",0,"""mavros","""Normal""","""tcp",,"""Heartbeats since startup""","""45""","""Frequency (Hz)""","""0.965488""","""Vehicle type""","""Quadrotor""","""Autopilot type""","""PX4 Autopilot""","""Mode""","""OFFBOARD""","""System status""","""Active""",0,"""mavros","""Normal""","""tcp",,"""Sensor present""","""0x00000000""","""Sensor enabled""","""0x00000000""","""Sensor helth""","""0x00000000""","""CPU Load (%)""","""65.7""","""Drop rate (%)""","""0.0""","""Errors comm""","""0""","""Errors count #1""","""0""","""Errors count #2""","""0""","""Errors count #3""","""0""","""Errors count #4""","""0""",0,"""mavros","""Normal""","""tcp",,"""Voltage""","""22.43""","""Current""","""0.0""","""Remaining""","""100.0""",0,"""mavros","""Normal""","""tcp",,"""Timesyncs since startup""","""22""","""Frequency (Hz)""","""9.589318""","""Last dt (ms)""","""-8.423962""","""Mean dt (ms)""","""0.432819""","""Last system time (s)""","""711.891431000""","""Time offset (s)""","""1520439849.292552233"""
1520440562795288589,,39,,1520440562,794952803,'',,0,"""mavros","""connected""","""tcp",,"""Received packets","""24424""","""Dropped packets","""0""","""Buffer overruns","""0""","""Parse errors","""0""","""Rx sequence number","""87""","""Tx sequence number","""57""","""Rx total bytes","""1038076""","""Tx total bytes","""200560""","""Rx speed","""33138.000000""","""Tx speed","""7297.000000""",2,"""mavros","""No satellites""","""tcp",,"""Satellites visible""","""0""","""Fix type""","""0""","""EPH (m)""","""99.99""","""EPV (m)""","""99.99""",0,"""mavros","""Normal""","""tcp",,"""Heartbeats since startup""","""47""","""Frequency (Hz)""","""1.034463""","""Vehicle type""","""Quadrotor""","""Autopilot type""","""PX4 Autopilot""","""Mode""","""OFFBOARD""","""System status""","""Active""",0,"""mavros","""Normal""","""tcp",,"""Sensor present""","""0x00000000""","""Sensor enabled""","""0x00000000""","""Sensor helth""","""0x00000000""","""CPU Load (%)""","""65.2""","""Drop rate (%)""","""0.0""","""Errors comm""","""0""","""Errors count #1""","""0""","""Errors count #2""","""0""","""Errors count #3""","""0""","""Errors count #4""","""0""",0,"""mavros","""Normal""","""tcp",,"""Voltage""","""22.42""","""Current""","""0.0""","""Remaining""","""100.0""",0,"""mavros","""Normal""","""tcp",,"""Timesyncs since startup""","""3""","""Frequency (Hz)""","""9.582483""","""Last dt (ms)""","""3.629047""","""Mean dt (ms)""","""-0.106425""","""Last system time (s)""","""713.489576000""","""Time offset (s)""","""1520439849.289644957"""
1520440564295268066,,40,,1520440564,294766161,'',,0,"""mavros","""connected""","""tcp",,"""Received packets","""25186""","""Dropped packets","""0""","""Buffer overruns","""0""","""Parse errors","""0""","""Rx sequence number","""73""","""Tx sequence number","""246""","""Rx total bytes","""1070644""","""Tx total bytes","""209385""","""Rx speed","""32568.000000""","""Tx speed","""8825.000000""",2,"""mavros","""No satellites""","""tcp",,"""Satellites visible""","""0""","""Fix type""","""0""","""EPH (m)""","""99.99""","""EPV (m)""","""99.99""",0,"""mavros","""Normal""","""tcp",,"""Heartbeats since startup""","""48""","""Frequency (Hz)""","""0.965511""","""Vehicle type""","""Quadrotor""","""Autopilot type""","""PX4 Autopilot""","""Mode""","""OFFBOARD""","""System status""","""Active""",0,"""mavros","""Normal""","""tcp",,"""Sensor present""","""0x00000000""","""Sensor enabled""","""0x00000000""","""Sensor helth""","""0x00000000""","""CPU Load (%)""","""66.5""","""Drop rate (%)""","""0.0""","""Errors comm""","""0""","""Errors count #1""","""0""","""Errors count #2""","""0""","""Errors count #3""","""0""","""Errors count #4""","""0""",0,"""mavros","""Normal""","""tcp",,"""Voltage""","""22.42""","""Current""","""0.0""","""Remaining""","""100.0""",0,"""mavros","""Normal""","""tcp",,"""Timesyncs since startup""","""9""","""Frequency (Hz)""","""10.047063""","""Last dt (ms)""","""-3.059067""","""Mean dt (ms)""","""-1.515211""","""Last system time (s)""","""714.990559000""","""Time offset (s)""","""1520439849.290437698"""
1520440565794293864,,41,,1520440565,793920358,'',,0,"""mavros","""connected""","""tcp",,"""Received packets","""25962""","""Dropped packets","""0""","""Buffer overruns","""0""","""Parse errors","""0""","""Rx sequence number","""61""","""Tx sequence number","""175""","""Rx total bytes","""1103932""","""Tx total bytes","""218074""","""Rx speed","""33288.000000""","""Tx speed","""8689.000000""",2,"""mavros","""No satellites""","""tcp",,"""Satellites visible""","""0""","""Fix type""","""0""","""EPH (m)""","""99.99""","""EPV (m)""","""99.99""",0,"""mavros","""Normal""","""tcp",,"""Heartbeats since startup""","""50""","""Frequency (Hz)""","""1.034527""","""Vehicle type""","""Quadrotor""","""Autopilot type""","""PX4 Autopilot""","""Mode""","""OFFBOARD""","""System status""","""Active""",0,"""mavros","""Normal""","""tcp",,"""Sensor present""","""0x00000000""","""Sensor enabled""","""0x00000000""","""Sensor helth""","""0x00000000""","""CPU Load (%)""","""66.4""","""Drop rate (%)""","""0.0""","""Errors comm""","""0""","""Errors count #1""","""0""","""Errors count #2""","""0""","""Errors count #3""","""0""","""Errors count #4""","""0""",0,"""mavros","""Normal""","""tcp",,"""Voltage""","""22.41""","""Current""","""0.0""","""Remaining""","""100.0""",0,"""mavros","""Normal""","""tcp",,"""Timesyncs since startup""","""5""","""Frequency (Hz)""","""10.106927""","""Last dt (ms)""","""7.521369""","""Mean dt (ms)""","""2.889910""","""Last system time (s)""","""716.500086000""","""Time offset (s)""","""1520439849.286301136"""
1520440566795376056,,42,,1520440566,794848072,'',,0,"""mavros","""connected""","""tcp",,"""Received packets","""26482""","""Dropped packets","""0""","""Buffer overruns","""0""","""Parse errors","""0""","""Rx sequence number","""229""","""Tx sequence number","""25""","""Rx total bytes","""1126177""","""Tx total bytes","""223012""","""Rx speed","""22245.000000""","""Tx speed","""4938.000000""",2,"""mavros","""No satellites""","""tcp",,"""Satellites visible""","""0""","""Fix type""","""0""","""EPH (m)""","""99.99""","""EPV (m)""","""99.99""",0,"""mavros","""Normal""","""tcp",,"""Heartbeats since startup""","""51""","""Frequency (Hz)""","""1.000008""","""Vehicle type""","""Quadrotor""","""Autopilot type""","""PX4 Autopilot""","""Mode""","""OFFBOARD""","""System status""","""Active""",0,"""mavros","""Normal""","""tcp",,"""Sensor present""","""0x00000000""","""Sensor enabled""","""0x00000000""","""Sensor helth""","""0x00000000""","""CPU Load (%)""","""67.4""","""Drop rate (%)""","""0.0""","""Errors comm""","""0""","""Errors count #1""","""0""","""Errors count #2""","""0""","""Errors count #3""","""0""","""Errors count #4""","""0""",0,"""mavros","""Normal""","""tcp",,"""Voltage""","""22.40""","""Current""","""0.0""","""Remaining""","""100.0""",0,"""mavros","""Normal""","""tcp",,"""Timesyncs since startup""","""3""","""Frequency (Hz)""","""10.201847""","""Last dt (ms)""","""8.858214""","""Mean dt (ms)""","""3.246390""","""Last system time (s)""","""717.492921000""","""Time offset (s)""","""1520439849.292720079"""
1520440567795443814,,43,,1520440567,794894436,'',,0,"""mavros","""connected""","""tcp",,"""Received packets","""26999""","""Dropped packets","""0""","""Buffer overruns","""0""","""Parse errors","""0""","""Rx sequence number","""132""","""Tx sequence number","""135""","""Rx total bytes","""1148290""","""Tx total bytes","""228146""","""Rx speed","""22113.000000""","""Tx speed","""5134.000000""",2,"""mavros","""No satellites""","""tcp",,"""Satellites visible""","""0""","""Fix type""","""0""","""EPH (m)""","""99.99""","""EPV (m)""","""99.99""",0,"""mavros","""Normal""","""tcp",,"""Heartbeats since startup""","""52""","""Frequency (Hz)""","""1.037041""","""Vehicle type""","""Quadrotor""","""Autopilot type""","""PX4 Autopilot""","""Mode""","""OFFBOARD""","""System status""","""Active""",0,"""mavros","""Normal""","""tcp",,"""Sensor present""","""0x00000000""","""Sensor enabled""","""0x00000000""","""Sensor helth""","""0x00000000""","""CPU Load (%)""","""66.6""","""Drop rate (%)""","""0.0""","""Errors comm""","""0""","""Errors count #1""","""0""","""Errors count #2""","""0""","""Errors count #3""","""0""","""Errors count #4""","""0""",0,"""mavros","""Normal""","""tcp",,"""Voltage""","""22.39""","""Current""","""0.0""","""Remaining""","""100.0""",0,"""mavros","""Normal""","""tcp",,"""Timesyncs since startup""","""12""","""Frequency (Hz)""","""9.272600""","""Last dt (ms)""","""0.256791""","""Mean dt (ms)""","""0.720831""","""Last system time (s)""","""718.389891000""","""Time offset (s)""","""1520439849.293373346"""
1520440569294156850,,44,,1520440569,293795222,'',,0,"""mavros","""connected""","""tcp",,"""Received packets","""27786""","""Dropped packets","""0""","""Buffer overruns","""0""","""Parse errors","""0""","""Rx sequence number","""129""","""Tx sequence number","""15""","""Rx total bytes","""1181925""","""Tx total bytes","""234427""","""Rx speed","""33635.000000""","""Tx speed","""6281.000000""",2,"""mavros","""No satellites""","""tcp",,"""Satellites visible""","""0""","""Fix type""","""0""","""EPH (m)""","""99.99""","""EPV (m)""","""99.99""",0,"""mavros","""Normal""","""tcp",,"""Heartbeats since startup""","""53""","""Frequency (Hz)""","""0.963029""","""Vehicle type""","""Quadrotor""","""Autopilot type""","""PX4 Autopilot""","""Mode""","""OFFBOARD""","""System status""","""Active""",0,"""mavros","""Normal""","""tcp",,"""Sensor present""","""0x00000000""","""Sensor enabled""","""0x00000000""","""Sensor helth""","""0x00000000""","""CPU Load (%)""","""65.9""","""Drop rate (%)""","""0.0""","""Errors comm""","""0""","""Errors count #1""","""0""","""Errors count #2""","""0""","""Errors count #3""","""0""","""Errors count #4""","""0""",0,"""mavros","""Normal""","""tcp",,"""Voltage""","""22.38""","""Current""","""0.0""","""Remaining""","""100.0""",0,"""mavros","""Normal""","""tcp",,"""Timesyncs since startup""","""7""","""Frequency (Hz)""","""8.796255""","""Last dt (ms)""","""0.650210""","""Mean dt (ms)""","""-0.926575""","""Last system time (s)""","""719.911999000""","""Time offset (s)""","""1520439849.295678139"""
1520440570295224563,,45,,1520440570,294827802,'',,0,"""mavros","""connected""","""tcp",,"""Received packets","""28305""","""Dropped packets","""0""","""Buffer overruns","""0""","""Parse errors","""0""","""Rx sequence number","""37""","""Tx sequence number","""89""","""Rx total bytes","""1204196""","""Tx total bytes","""237833""","""Rx speed","""22271.000000""","""Tx speed","""3406.000000""",2,"""mavros","""No satellites""","""tcp",,"""Satellites visible""","""0""","""Fix type""","""0""","""EPH (m)""","""99.99""","""EPV (m)""","""99.99""",0,"""mavros","""Normal""","""tcp",,"""Heartbeats since startup""","""54""","""Frequency (Hz)""","""0.999992""","""Vehicle type""","""Quadrotor""","""Autopilot type""","""PX4 Autopilot""","""Mode""","""OFFBOARD""","""System status""","""Active""",0,"""mavros","""Normal""","""tcp",,"""Sensor present""","""0x00000000""","""Sensor enabled""","""0x00000000""","""Sensor helth""","""0x00000000""","""CPU Load (%)""","""65.1""","""Drop rate (%)""","""0.0""","""Errors comm""","""0""","""Errors count #1""","""0""","""Errors count #2""","""0""","""Errors count #3""","""0""","""Errors count #4""","""0""",0,"""mavros","""Normal""","""tcp",,"""Voltage""","""22.37""","""Current""","""0.0""","""Remaining""","""100.0""",2,"""mavros","""No events recorded.""","""tcp",,"""Timesyncs since startup""","""0""","""Frequency (Hz)""","""0.000000""","""Last dt (ms)""","""-2.104340""","""Mean dt (ms)""","""0.000000""","""Last system time (s)""","""720.905657000""","""Time offset (s)""","""1520439849.296071053"""
1520440571794466183,,46,,1520440571,794036069,'',,0,"""mavros","""connected""","""tcp",,"""Received packets","""29082""","""Dropped packets","""0""","""Buffer overruns","""0""","""Parse errors","""0""","""Rx sequence number","""27""","""Tx sequence number","""22""","""Rx total bytes","""1237498""","""Tx total bytes","""246714""","""Rx speed","""33302.000000""","""Tx speed","""8881.000000""",2,"""mavros","""No satellites""","""tcp",,"""Satellites visible""","""0""","""Fix type""","""0""","""EPH (m)""","""99.99""","""EPV (m)""","""99.99""",0,"""mavros","""Normal""","""tcp",,"""Heartbeats since startup""","""56""","""Frequency (Hz)""","""1.000008""","""Vehicle type""","""Quadrotor""","""Autopilot type""","""PX4 Autopilot""","""Mode""","""OFFBOARD""","""System status""","""Active""",0,"""mavros","""Normal""","""tcp",,"""Sensor present""","""0x00000000""","""Sensor enabled""","""0x00000000""","""Sensor helth""","""0x00000000""","""CPU Load (%)""","""65.6""","""Drop rate (%)""","""0.0""","""Errors comm""","""0""","""Errors count #1""","""0""","""Errors count #2""","""0""","""Errors count #3""","""0""","""Errors count #4""","""0""",0,"""mavros","""Normal""","""tcp",,"""Voltage""","""22.35""","""Current""","""0.0""","""Remaining""","""100.0""",0,"""mavros","""Normal""","""tcp",,"""Timesyncs since startup""","""10""","""Frequency (Hz)""","""9.978081""","""Last dt (ms)""","""2.387648""","""Mean dt (ms)""","""0.335813""","""Last system time (s)""","""722.490857000""","""Time offset (s)""","""1520439849.288287163"""
1520440572795336342,,47,,1520440572,794811479,'',,0,"""mavros","""connected""","""tcp",,"""Received packets","""29589""","""Dropped packets","""0""","""Buffer overruns","""0""","""Parse errors","""0""","""Rx sequence number","""179""","""Tx sequence number","""124""","""Rx total bytes","""1259224""","""Tx total bytes","""251464""","""Rx speed","""21726.000000""","""Tx speed","""4750.000000""",2,"""mavros","""No satellites""","""tcp",,"""Satellites visible""","""0""","""Fix type""","""0""","""EPH (m)""","""99.99""","""EPV (m)""","""99.99""",0,"""mavros","""Normal""","""tcp",,"""Heartbeats since startup""","""57""","""Frequency (Hz)""","""1.039970""","""Vehicle type""","""Quadrotor""","""Autopilot type""","""PX4 Autopilot""","""Mode""","""OFFBOARD""","""System status""","""Active""",0,"""mavros","""Normal""","""tcp",,"""Sensor present""","""0x00000000""","""Sensor enabled""","""0x00000000""","""Sensor helth""","""0x00000000""","""CPU Load (%)""","""67.0""","""Drop rate (%)""","""0.0""","""Errors comm""","""0""","""Errors count #1""","""0""","""Errors count #2""","""0""","""Errors count #3""","""0""","""Errors count #4""","""0""",0,"""mavros","""Normal""","""tcp",,"""Voltage""","""22.35""","""Current""","""0.0""","""Remaining""","""100.0""",0,"""mavros","""Normal""","""tcp",,"""Timesyncs since startup""","""19""","""Frequency (Hz)""","""9.485937""","""Last dt (ms)""","""-1.799459""","""Mean dt (ms)""","""-0.495165""","""Last system time (s)""","""723.408583000""","""Time offset (s)""","""1520439849.295947313"""
1520440574294501085,,48,,1520440574,294118880,'',,0,"""mavros","""connected""","""tcp",,"""Received packets","""30355""","""Dropped packets","""0""","""Buffer overruns","""0""","""Parse errors","""0""","""Rx sequence number","""163""","""Tx sequence number","""35""","""Rx total bytes","""1292243""","""Tx total bytes","""259233""","""Rx speed","""33019.000000""","""Tx speed","""7769.000000""",2,"""mavros","""No satellites""","""tcp",,"""Satellites visible""","""0""","""Fix type""","""0""","""EPH (m)""","""99.99""","""EPV (m)""","""99.99""",0,"""mavros","""Normal""","""tcp",,"""Heartbeats since startup""","""58""","""Frequency (Hz)""","""1.000048""","""Vehicle type""","""Quadrotor""","""Autopilot type""","""PX4 Autopilot""","""Mode""","""OFFBOARD""","""System status""","""Active""",0,"""mavros","""Normal""","""tcp",,"""Sensor present""","""0x00000000""","""Sensor enabled""","""0x00000000""","""Sensor helth""","""0x00000000""","""CPU Load (%)""","""65.9""","""Drop rate (%)""","""0.0""","""Errors comm""","""0""","""Errors count #1""","""0""","""Errors count #2""","""0""","""Errors count #3""","""0""","""Errors count #4""","""0""",0,"""mavros","""Normal""","""tcp",,"""Voltage""","""22.35""","""Current""","""0.0""","""Remaining""","""100.0""",0,"""mavros","""Normal""","""tcp",,"""Timesyncs since startup""","""34""","""Frequency (Hz)""","""9.707973""","""Last dt (ms)""","""-5.751142""","""Mean dt (ms)""","""-0.229662""","""Last system time (s)""","""724.890959000""","""Time offset (s)""","""1520439849.294986486"""
1520440575295079743,,49,,1520440575,294636558,'',,0,"""mavros","""connected""","""tcp",,"""Received packets","""30877""","""Dropped packets","""0""","""Buffer overruns","""0""","""Parse errors","""0""","""Rx sequence number","""84""","""Tx sequence number","""144""","""Rx total bytes","""1314568""","""Tx total bytes","""264319""","""Rx speed","""22325.000000""","""Tx speed","""5086.000000""",2,"""mavros","""No satellites""","""tcp",,"""Satellites visible""","""0""","""Fix type""","""0""","""EPH (m)""","""99.99""","""EPV (m)""","""99.99""",0,"""mavros","""Normal""","""tcp",,"""Heartbeats since startup""","""59""","""Frequency (Hz)""","""0.960024""","""Vehicle type""","""Quadrotor""","""Autopilot type""","""PX4 Autopilot""","""Mode""","""OFFBOARD""","""System status""","""Active""",0,"""mavros","""Normal""","""tcp",,"""Sensor present""","""0x00000000""","""Sensor enabled""","""0x00000000""","""Sensor helth""","""0x00000000""","""CPU Load (%)""","""66.0""","""Drop rate (%)""","""0.0""","""Errors comm""","""0""","""Errors count #1""","""0""","""Errors count #2""","""0""","""Errors count #3""","""0""","""Errors count #4""","""0""",0,"""mavros","""Normal""","""tcp",,"""Voltage""","""22.34""","""Current""","""0.0""","""Remaining""","""100.0""",0,"""mavros","""Normal""","""tcp",,"""Timesyncs since startup""","""6""","""Frequency (Hz)""","""10.467858""","""Last dt (ms)""","""8.048039""","""Mean dt (ms)""","""3.617328""","""Last system time (s)""","""725.991194000""","""Time offset (s)""","""1520439849.292151690"""
1520440576795131780,,50,,1520440576,794798595,'',,0,"""mavros","""connected""","""tcp",,"""Received packets","""31643""","""Dropped packets","""0""","""Buffer overruns","""0""","""Parse errors","""0""","""Rx sequence number","""65""","""Tx sequence number","""88""","""Rx total bytes","""1347358""","""Tx total bytes","""273724""","""Rx speed","""32790.000000""","""Tx speed","""9405.000000""",2,"""mavros","""No satellites""","""tcp",,"""Satellites visible""","""0""","""Fix type""","""0""","""EPH (m)""","""99.99""","""EPV (m)""","""99.99""",0,"""mavros","""Normal""","""tcp",,"""Heartbeats since startup""","""61""","""Frequency (Hz)""","""1.039996""","""Vehicle type""","""Quadrotor""","""Autopilot type""","""PX4 Autopilot""","""Mode""","""OFFBOARD""","""System status""","""Active""",0,"""mavros","""Normal""","""tcp",,"""Sensor present""","""0x00000000""","""Sensor enabled""","""0x00000000""","""Sensor helth""","""0x00000000""","""CPU Load (%)""","""65.9""","""Drop rate (%)""","""0.0""","""Errors comm""","""0""","""Errors count #1""","""0""","""Errors count #2""","""0""","""Errors count #3""","""0""","""Errors count #4""","""0""",0,"""mavros","""Normal""","""tcp",,"""Voltage""","""22.33""","""Current""","""0.0""","""Remaining""","""100.0""",0,"""mavros","""Normal""","""tcp",,"""Timesyncs since startup""","""21""","""Frequency (Hz)""","""10.128518""","""Last dt (ms)""","""2.153116""","""Mean dt (ms)""","""1.018197""","""Last system time (s)""","""727.491978000""","""Time offset (s)""","""1520439849.292344809"""
1520440578294650265,,51,,1520440578,294280071,'',,0,"""mavros","""connected""","""tcp",,"""Received packets","""32404""","""Dropped packets","""0""","""Buffer overruns","""0""","""Parse errors","""0""","""Rx sequence number","""40""","""Tx sequence number","""1""","""Rx total bytes","""1379944""","""Tx total bytes","""281612""","""Rx speed","""32586.000000""","""Tx speed","""7888.000000""",2,"""mavros","""No satellites""","""tcp",,"""Satellites visible""","""0""","""Fix type""","""0""","""EPH (m)""","""99.99""","""EPV (m)""","""99.99""",0,"""mavros","""Normal""","""tcp",,"""Heartbeats since startup""","""62""","""Frequency (Hz)""","""0.959971""","""Vehicle type""","""Quadrotor""","""Autopilot type""","""PX4 Autopilot""","""Mode""","""OFFBOARD""","""System status""","""Active""",0,"""mavros","""Normal""","""tcp",,"""Sensor present""","""0x00000000""","""Sensor enabled""","""0x00000000""","""Sensor helth""","""0x00000000""","""CPU Load (%)""","""66.5""","""Drop rate (%)""","""0.0""","""Errors comm""","""0""","""Errors count #1""","""0""","""Errors count #2""","""0""","""Errors count #3""","""0""","""Errors count #4""","""0""",0,"""mavros","""Normal""","""tcp",,"""Voltage""","""22.32""","""Current""","""0.0""","""Remaining""","""100.0""",0,"""mavros","""Normal""","""tcp",,"""Timesyncs since startup""","""6""","""Frequency (Hz)""","""8.719757""","""Last dt (ms)""","""-4.518834""","""Mean dt (ms)""","""1.757515""","""Last system time (s)""","""728.891873000""","""Time offset (s)""","""1520439849.293087721"""
1520440579794545793,,52,,1520440579,794106423,'',,0,"""mavros","""connected""","""tcp",,"""Received packets","""33203""","""Dropped packets","""0""","""Buffer overruns","""0""","""Parse errors","""0""","""Rx sequence number","""47""","""Tx sequence number","""188""","""Rx total bytes","""1414146""","""Tx total bytes","""289915""","""Rx speed","""34202.000000""","""Tx speed","""8303.000000""",2,"""mavros","""No satellites""","""tcp",,"""Satellites visible""","""0""","""Fix type""","""0""","""EPH (m)""","""99.99""","""EPV (m)""","""99.99""",0,"""mavros","""Normal""","""tcp",,"""Heartbeats since startup""","""64""","""Frequency (Hz)""","""1.000053""","""Vehicle type""","""Quadrotor""","""Autopilot type""","""PX4 Autopilot""","""Mode""","""AUTO.LAND""","""System status""","""Active""",0,"""mavros","""Normal""","""tcp",,"""Sensor present""","""0x00000000""","""Sensor enabled""","""0x00000000""","""Sensor helth""","""0x00000000""","""CPU Load (%)""","""66.7""","""Drop rate (%)""","""0.0""","""Errors comm""","""0""","""Errors count #1""","""0""","""Errors count #2""","""0""","""Errors count #3""","""0""","""Errors count #4""","""0""",0,"""mavros","""Normal""","""tcp",,"""Voltage""","""22.34""","""Current""","""0.0""","""Remaining""","""100.0""",0,"""mavros","""Normal""","""tcp",,"""Timesyncs since startup""","""22""","""Frequency (Hz)""","""10.055243""","""Last dt (ms)""","""-1.429508""","""Mean dt (ms)""","""0.784808""","""Last system time (s)""","""730.493891000""","""Time offset (s)""","""1520439849.289055347"""
1520440580795217540,,53,,1520440580,794890256,'',,0,"""mavros","""connected""","""tcp",,"""Received packets","""33724""","""Dropped packets","""0""","""Buffer overruns","""0""","""Parse errors","""0""","""Rx sequence number","""207""","""Tx sequence number","""25""","""Rx total bytes","""1436444""","""Tx total bytes","""293893""","""Rx speed","""22298.000000""","""Tx speed","""3978.000000""",2,"""mavros","""No satellites""","""tcp",,"""Satellites visible""","""0""","""Fix type""","""0""","""EPH (m)""","""99.99""","""EPV (m)""","""99.99""",0,"""mavros","""Normal""","""tcp",,"""Heartbeats since startup""","""65""","""Frequency (Hz)""","""1.000000""","""Vehicle type""","""Quadrotor""","""Autopilot type""","""PX4 Autopilot""","""Mode""","""AUTO.LAND""","""System status""","""Active""",0,"""mavros","""Normal""","""tcp",,"""Sensor present""","""0x00000000""","""Sensor enabled""","""0x00000000""","""Sensor helth""","""0x00000000""","""CPU Load (%)""","""66.8""","""Drop rate (%)""","""0.0""","""Errors comm""","""0""","""Errors count #1""","""0""","""Errors count #2""","""0""","""Errors count #3""","""0""","""Errors count #4""","""0""",0,"""mavros","""Normal""","""tcp",,"""Voltage""","""22.40""","""Current""","""0.0""","""Remaining""","""100.0""",2,"""mavros","""No events recorded.""","""tcp",,"""Timesyncs since startup""","""0""","""Frequency (Hz)""","""0.000000""","""Last dt (ms)""","""2.208349""","""Mean dt (ms)""","""0.000000""","""Last system time (s)""","""731.493450000""","""Time offset (s)""","""1520439849.287733316"""
1520440582294393570,,54,,1520440582,294000981,'',,0,"""mavros","""connected""","""tcp",,"""Received packets","""34507""","""Dropped packets","""0""","""Buffer overruns","""0""","""Parse errors","""0""","""Rx sequence number","""196""","""Tx sequence number","""155""","""Rx total bytes","""1469933""","""Tx total bytes","""299376""","""Rx speed","""33489.000000""","""Tx speed","""5483.000000""",2,"""mavros","""No satellites""","""tcp",,"""Satellites visible""","""0""","""Fix type""","""0""","""EPH (m)""","""99.99""","""EPV (m)""","""99.99""",0,"""mavros","""Normal""","""tcp",,"""Heartbeats since startup""","""66""","""Frequency (Hz)""","""0.999993""","""Vehicle type""","""Quadrotor""","""Autopilot type""","""PX4 Autopilot""","""Mode""","""AUTO.LAND""","""System status""","""Active""",0,"""mavros","""Normal""","""tcp",,"""Sensor present""","""0x00000000""","""Sensor enabled""","""0x00000000""","""Sensor helth""","""0x00000000""","""CPU Load (%)""","""65.0""","""Drop rate (%)""","""0.0""","""Errors comm""","""0""","""Errors count #1""","""0""","""Errors count #2""","""0""","""Errors count #3""","""0""","""Errors count #4""","""0""",0,"""mavros","""Normal""","""tcp",,"""Voltage""","""22.45""","""Current""","""0.0""","""Remaining""","""100.0""",2,"""mavros","""No events recorded.""","""tcp",,"""Timesyncs since startup""","""0""","""Frequency (Hz)""","""0.000000""","""Last dt (ms)""","""-2.179309""","""Mean dt (ms)""","""0.000000""","""Last system time (s)""","""732.995715000""","""Time offset (s)""","""1520439849.290714741"""
1520440583294436218,,55,,1520440583,294274527,'',,0,"""mavros","""connected""","""tcp",,"""Received packets","""35019""","""Dropped packets","""0""","""Buffer overruns","""0""","""Parse errors","""0""","""Rx sequence number","""90""","""Tx sequence number","""221""","""Rx total bytes","""1491716""","""Tx total bytes","""302081""","""Rx speed","""21783.000000""","""Tx speed","""2705.000000""",2,"""mavros","""No satellites""","""tcp",,"""Satellites visible""","""0""","""Fix type""","""0""","""EPH (m)""","""99.99""","""EPV (m)""","""99.99""",0,"""mavros","""Normal""","""tcp",,"""Heartbeats since startup""","""67""","""Frequency (Hz)""","""1.000037""","""Vehicle type""","""Quadrotor""","""Autopilot type""","""PX4 Autopilot""","""Mode""","""MANUAL""","""System status""","""Active""",0,"""mavros","""Normal""","""tcp",,"""Sensor present""","""0x00000000""","""Sensor enabled""","""0x00000000""","""Sensor helth""","""0x00000000""","""CPU Load (%)""","""64.3""","""Drop rate (%)""","""0.0""","""Errors comm""","""0""","""Errors count #1""","""0""","""Errors count #2""","""0""","""Errors count #3""","""0""","""Errors count #4""","""0""",0,"""mavros","""Normal""","""tcp",,"""Voltage""","""22.56""","""Current""","""0.0""","""Remaining""","""100.0""",0,"""mavros","""Normal""","""tcp",,"""Timesyncs since startup""","""1""","""Frequency (Hz)""","""9.929977""","""Last dt (ms)""","""5.898979""","""Mean dt (ms)""","""5.898979""","""Last system time (s)""","""733.996553000""","""Time offset (s)""","""1520439849.290017366"""
1520440584295208920,,56,,1520440584,294772548,'',,0,"""mavros","""connected""","""tcp",,"""Received packets","""35519""","""Dropped packets","""0""","""Buffer overruns","""0""","""Parse errors","""0""","""Rx sequence number","""222""","""Tx sequence number","""10""","""Rx total bytes","""1512956""","""Tx total bytes","""303755""","""Rx speed","""21240.000000""","""Tx speed","""1674.000000""",2,"""mavros","""No satellites""","""tcp",,"""Satellites visible""","""0""","""Fix type""","""0""","""EPH (m)""","""99.99""","""EPV (m)""","""99.99""",0,"""mavros","""Normal""","""tcp",,"""Heartbeats since startup""","""68""","""Frequency (Hz)""","""0.959944""","""Vehicle type""","""Quadrotor""","""Autopilot type""","""PX4 Autopilot""","""Mode""","""MANUAL""","""System status""","""Active""",0,"""mavros","""Normal""","""tcp",,"""Sensor present""","""0x00000000""","""Sensor enabled""","""0x00000000""","""Sensor helth""","""0x00000000""","""CPU Load (%)""","""63.7""","""Drop rate (%)""","""0.0""","""Errors comm""","""0""","""Errors count #1""","""0""","""Errors count #2""","""0""","""Errors count #3""","""0""","""Errors count #4""","""0""",0,"""mavros","""Normal""","""tcp",,"""Voltage""","""22.64""","""Current""","""0.0""","""Remaining""","""100.0""",0,"""mavros","""Normal""","""tcp",,"""Timesyncs since startup""","""1""","""Frequency (Hz)""","""5.476542""","""Last dt (ms)""","""-1.987277""","""Mean dt (ms)""","""-1.987277""","""Last system time (s)""","""734.890922000""","""Time offset (s)""","""1520439849.305353165"""
1520440585794922815,,57,,1520440585,794554526,'',,0,"""mavros","""connected""","""tcp",,"""Received packets","""36285""","""Dropped packets","""0""","""Buffer overruns","""0""","""Parse errors","""0""","""Rx sequence number","""191""","""Tx sequence number","""102""","""Rx total bytes","""1545385""","""Tx total bytes","""307470""","""Rx speed","""32429.000000""","""Tx speed","""3715.000000""",2,"""mavros","""No satellites""","""tcp",,"""Satellites visible""","""0""","""Fix type""","""0""","""EPH (m)""","""99.99""","""EPV (m)""","""99.99""",0,"""mavros","""Normal""","""tcp",,"""Heartbeats since startup""","""70""","""Frequency (Hz)""","""1.000020""","""Vehicle type""","""Quadrotor""","""Autopilot type""","""PX4 Autopilot""","""Mode""","""MANUAL""","""System status""","""Active""",0,"""mavros","""Normal""","""tcp",,"""Sensor present""","""0x00000000""","""Sensor enabled""","""0x00000000""","""Sensor helth""","""0x00000000""","""CPU Load (%)""","""62.3""","""Drop rate (%)""","""0.0""","""Errors comm""","""0""","""Errors count #1""","""0""","""Errors count #2""","""0""","""Errors count #3""","""0""","""Errors count #4""","""0""",0,"""mavros","""Normal""","""tcp",,"""Voltage""","""22.72""","""Current""","""0.0""","""Remaining""","""100.0""",2,"""mavros","""No events recorded.""","""tcp",,"""Timesyncs since startup""","""0""","""Frequency (Hz)""","""0.000000""","""Last dt (ms)""","""-3.799875""","""Mean dt (ms)""","""0.000000""","""Last system time (s)""","""736.390028000""","""Time offset (s)""","""1520439849.290601969"""
1520440586795675968,,58,,1520440586,794950795,'',,0,"""mavros","""connected""","""tcp",,"""Received packets","""36805""","""Dropped packets","""0""","""Buffer overruns","""0""","""Parse errors","""0""","""Rx sequence number","""91""","""Tx sequence number","""193""","""Rx total bytes","""1567323""","""Tx total bytes","""311348""","""Rx speed","""21938.000000""","""Tx speed","""3878.000000""",2,"""mavros","""No satellites""","""tcp",,"""Satellites visible""","""0""","""Fix type""","""0""","""EPH (m)""","""99.99""","""EPV (m)""","""99.99""",0,"""mavros","""Normal""","""tcp",,"""Heartbeats since startup""","""71""","""Frequency (Hz)""","""1.039934""","""Vehicle type""","""Quadrotor""","""Autopilot type""","""PX4 Autopilot""","""Mode""","""MANUAL""","""System status""","""Standby""",0,"""mavros","""Normal""","""tcp",,"""Sensor present""","""0x00000000""","""Sensor enabled""","""0x00000000""","""Sensor helth""","""0x00000000""","""CPU Load (%)""","""66.9""","""Drop rate (%)""","""0.0""","""Errors comm""","""0""","""Errors count #1""","""0""","""Errors count #2""","""0""","""Errors count #3""","""0""","""Errors count #4""","""0""",0,"""mavros","""Normal""","""tcp",,"""Voltage""","""22.77""","""Current""","""0.0""","""Remaining""","""100.0""",0,"""mavros","""Normal""","""tcp",,"""Timesyncs since startup""","""2""","""Frequency (Hz)""","""7.466126""","""Last dt (ms)""","""0.556272""","""Mean dt (ms)""","""3.578769""","""Last system time (s)""","""737.391888000""","""Time offset (s)""","""1520439849.305637360"""
